{"cameraMode":{"drawMode":0,"name":"Shaded","section":"Shading Mode"},"sceneLighting":false,"audioPlay":false,"sceneViewState":{"showFog":true,"showMaterialUpdate":false,"showSkybox":false,"showFlares":true,"showImageEffects":true,"showParticleSystems":true},"in2DMode":false,"pivot":{"x":1.3900001049041749,"y":-0.25999999046325686,"z":14.690000534057618},"rotation":{"x":0.012877792119979859,"y":-0.9481797814369202,"z":0.315622478723526,"w":0.040585651993751529},"size":12.819131851196289,"orthographic":false}