{"cameraMode":{"drawMode":0,"name":"Shaded","section":"Shading Mode"},"sceneLighting":true,"audioPlay":false,"sceneViewState":{"showFog":true,"showMaterialUpdate":false,"showSkybox":true,"showFlares":true,"showImageEffects":true,"showParticleSystems":true},"in2DMode":false,"pivot":{"x":10.87477970123291,"y":5.635792255401611,"z":17.018760681152345},"rotation":{"x":-0.18888850510120393,"y":-0.7540632486343384,"z":0.24597111344337464,"w":-0.5790801644325256},"size":17.4520320892334,"orthographic":false}