{"cameraMode":{"drawMode":0,"name":"Shaded","section":"Shading Mode"},"sceneLighting":true,"audioPlay":false,"sceneViewState":{"showFog":true,"showMaterialUpdate":false,"showSkybox":false,"showFlares":true,"showImageEffects":true,"showParticleSystems":true},"in2DMode":false,"pivot":{"x":-9.670000076293946,"y":1.6099998950958253,"z":-1.9799997806549073},"rotation":{"x":0.038817260414361957,"y":-0.871961772441864,"z":0.4831877052783966,"w":0.07500439882278443},"size":12.12435531616211,"orthographic":false}