{"cameraMode":{"drawMode":0,"name":"Shaded","section":"Shading Mode"},"sceneLighting":true,"audioPlay":false,"sceneViewState":{"showFog":true,"showMaterialUpdate":false,"showSkybox":true,"showFlares":true,"showImageEffects":true,"showParticleSystems":true},"in2DMode":false,"pivot":{"x":-0.12016481161117554,"y":-4.2235426902771,"z":3.78326416015625},"rotation":{"x":-0.19553612172603608,"y":0.007940645329654217,"z":-0.0015816561644896865,"w":-0.9806683659553528},"size":10.0,"orthographic":false}