{"cameraMode":{"drawMode":0,"name":"Shaded","section":"Shading Mode"},"sceneLighting":false,"audioPlay":false,"sceneViewState":{"showFog":true,"showMaterialUpdate":false,"showSkybox":false,"showFlares":true,"showImageEffects":true,"showParticleSystems":true},"in2DMode":false,"pivot":{"x":-56.07658767700195,"y":43.555721282958987,"z":16.99175453186035},"rotation":{"x":-0.11953912675380707,"y":-0.8626090288162231,"z":0.24041029810905457,"w":-0.42886972427368166},"size":1.1660256385803223,"orthographic":false}