{"cameraMode":{"drawMode":0,"name":"Shaded","section":"Shading Mode"},"sceneLighting":false,"audioPlay":false,"sceneViewState":{"showFog":true,"showMaterialUpdate":false,"showSkybox":false,"showFlares":true,"showImageEffects":true,"showParticleSystems":true},"in2DMode":false,"pivot":{"x":-588.9885864257813,"y":-2524.470947265625,"z":-2955.609375},"rotation":{"x":0.1500047743320465,"y":-0.7309074997901917,"z":-0.1746516078710556,"w":-0.6431922912597656},"size":0.8660253882408142,"orthographic":false}