{"cameraMode":{"drawMode":0,"name":"Shaded","section":"Shading Mode"},"sceneLighting":false,"audioPlay":false,"sceneViewState":{"showFog":true,"showMaterialUpdate":false,"showSkybox":false,"showFlares":true,"showImageEffects":true,"showParticleSystems":true},"in2DMode":false,"pivot":{"x":52.16999816894531,"y":12.970000267028809,"z":45.13999938964844},"rotation":{"x":0.09290920197963715,"y":-0.07102284580469132,"z":0.007302725221961737,"w":0.9933217167854309},"size":5.40287971496582,"orthographic":false}